Title,Price,Brand,Link
Apple iPhone 7 128GB Red Original Unlocked,£159.95,Brand: Apple,https://www.ebay.co.uk/p/22033879551?iid=223697697786
Apple iPhone XS - 256GB - Space Grey (UNLOCKED) A2101 (GSM),£489.00,Brand: Apple,https://www.ebay.co.uk/p/23023708418?iid=352979856165
NEW LISTINGApple iPhone X 64GB Unlocked Smartphone - Silver,£205.00,Brand: Apple,https://www.ebay.co.uk/p/239165268?iid=133370750511
Apple iPhone 8 - 64GB/256GB - Gold/Grey/ Silver - UNLOCKED - Various Grades,£159.99 to £289.99,Brand: Apple,https://www.ebay.co.uk/p/239093325?iid=113652223677&var=413778701573
Apple iPhone 6 - 128GB - Space Grey (Unlocked) A1586 (CDMA + GSM).,£45.00,Brand: Apple,https://www.ebay.co.uk/p/203684395?iid=193390981370
Apple iPhone SE - 32GB - Space Grey (Unlocked) Smartphone,£69.99,Brand: Apple,https://www.ebay.co.uk/p/238241421?iid=352954231808
Apple iPhone 8 Plus - 64GB Space Grey Unlocked A1905 F,£110.00,Brand: Apple,https://www.ebay.co.uk/p/239086719?iid=184221580923
"New Apple iPhone 8 64GB Multi Colour 12M Warranty 4.7"" 12MP Unlocked Smartphone",£259.99,Brand: Apple,https://www.ebay.co.uk/itm/New-Apple-iPhone-8-64GB-Multi-Colour-12M-Warranty-4-7-12MP-Unlocked-Smartphone/333375760440?hash=item4d9ebe6838:m:m7YymJcfJENF4YXWtqkCxLQ&var=542426180377
Apple iPhone SE A1723 64GB unlocked to any network,£49.00,Brand: Apple,https://www.ebay.co.uk/itm/Apple-iPhone-SE-A1723-64GB-unlocked-to-any-network/223948779052?hash=item3424632e2c:g:lmkAAOSw3BRed-NE
Apple iPhone 6 - 16GB - Space Grey (Unlocked) Smartphone,£64.99,Brand: Apple,https://www.ebay.co.uk/p/203706034?iid=352955502469
Apple iPhone X - 64GB/256GB - SpaceGrey/ Silver - UNLOCKED - Various Grades,£349.99 to £372.99,Brand: Apple,https://www.ebay.co.uk/p/239057380?iid=233481885514&var=533100092578
NEW LISTINGApple iPhone 6 - 32GB - Space Grey - UNLOCKED - Excellent Grade A Condition,£66.00,Brand: Apple,https://www.ebay.co.uk/p/242525496?iid=233538662130
Apple iPhone 7 Plus - 32GB - Rose Gold (Unlocked) Smartphone,£169.99,Brand: Apple,https://www.ebay.co.uk/p/225076491?iid=352965427082
Bundle Of Three Apple iPhones,£142.00,Brand: Apple,https://www.ebay.co.uk/itm/Bundle-Of-Three-Apple-iPhones/264676919065?hash=item3d9ff94719:g:Y6AAAOSw2jBeeIk6
APPLE iPHONE X 64GB / 256GB - Unlocked - Space Grey / Silver Smartphone Mobile,£325.00 to £419.00,Brand: Apple,https://www.ebay.co.uk/p/239099497?iid=233511992849&var=533145760638
APPLE iPHONE SE 16GB / 64GB / 128GB - Unlocked - Smartphone Mobile Phone,£52.00 to £123.00,Brand: Apple,https://www.ebay.co.uk/p/220290375?iid=222827843368&var=522122968760
Apple iPhone XR - 256GB - Black (Unlocked) A2105 (GSM),£205.00,Brand: Apple,https://www.ebay.co.uk/p/4023705157?iid=143563035064
Apple iphone 5S 16GB /32GB Gold/Silver/Grey (Unlocked) Pristine Condition,£59.99,Brand: Apple,https://www.ebay.co.uk/p/168509016?iid=392664834848&var=661584921964
Apple iPhone 7 - 32GB - Black (Unlocked) A1778 (GSM) - Excellent condition,£55.00,Brand: Apple,https://www.ebay.co.uk/p/225300883?iid=223954098997
Apple iPhone 7+ Plus - 32GB - Black (Unlocked) Smartphone,£159.99,Brand: Apple,https://www.ebay.co.uk/p/225203605?iid=352995878432
APPLE iPHONE 6 16GB / 32GB / 64GB / 128GB - Unlocked - Smartphone Mobile Phone,£75.00 to £99.00,Brand: Apple,https://www.ebay.co.uk/p/203711866?iid=322995987032&var=512641532096
NEW LISTINGApple iPhone 6 - 128GB - Silver (Unlocked) A1586 (CDMA + GSM),£35.00,Brand: Apple,https://www.ebay.co.uk/p/203742530?iid=184226013116
APPLE iPHONE 6 PLUS 16GB / 64GB / 128GB - Unlocked - Smartphone Mobile Phone,£85.00 to £149.00,Brand: Apple,https://www.ebay.co.uk/p/203786448?iid=223646303020&var=522375114724
Apple iPhone 8 - 64GB - Space Grey (Unlocked) A1905 (GSM),£74.00,Brand: Apple,https://www.ebay.co.uk/p/238941601?iid=114155710089
Apple iPhone 6s - 16GB - Space Grey (Unlocked) Smartphone - Original,£76.99,Brand: Apple,https://www.ebay.co.uk/p/216189046?iid=352995840958
Apple iPhone 5S 16GB Unlocked Space Grey Mint Condition,£59.99,Brand: Apple,https://www.ebay.co.uk/p/168512729?iid=264678206877
Apple iPhone SE - 16GB - Space Grey (Unlocked) - Please See Description,£120.00,Brand: Apple,https://www.ebay.co.uk/p/220223381?iid=174229667659
Apple iPhone 8 - 64GB - Gold (O2) A1905 (GSM),£102.00,Brand: Apple,https://www.ebay.co.uk/p/239054550?iid=324110653405
APPLE iPHONE 6S 16GB / 64GB / 128GB - Unlocked - Smartphone Mobile Phone,£69.00 to £149.00,Brand: Apple,https://www.ebay.co.uk/p/237862186?iid=323907511570&var=512946727429
Apple Iphone 7 Plus 128gb Rose Gold Cracked Screen,£82.00,Brand: Apple,https://www.ebay.co.uk/p/225203660?iid=274312843014
Apple iPhone 6 16GB/64GB Unlocked Sim Free Smartphone - ALL COLOURS,£85.99 to £99.99,Brand: Apple,https://www.ebay.co.uk/p/203745463?iid=112317406572&var=412740134981
APPLE iPHONE 7 32GB / 128GB / 256GB - Unlocked - Smartphone Mobile Phone,£109.00 to £119.00,Brand: Apple,https://www.ebay.co.uk/p/2303730783?iid=223895912644&var=522704330379
Apple iPhone XS Max - 256GB - Space Grey (Unlocked) A2101 (GSM),£529.99,Brand: Apple,https://www.ebay.co.uk/p/14023706710?iid=173994596817
Apple iPhone 6 - 64GB - Silver (EE) A1586 (CDMA + GSM),£31.00,Brand: Apple,https://www.ebay.co.uk/p/203711976?iid=124123580138
Apple iPhone 8 Plus Smartphone 64/256GB in Space GreySilver/Gold/Red - Unlocked,£245.90 to £283.90,Brand: Apple,https://www.ebay.co.uk/itm/Apple-iPhone-8-Plus-Smartphone-64-256GB-in-Space-GreySilver-Gold-Red-Unlocked/183467235720?hash=item2ab77fd988:m:mIrElH7x7KjM_JuClMR2uCw&var=690789195062
Apple iPhone 7 Plus - 128GB - Jet Black (Unlocked) A1784 (GSM),£121.00,Brand: Apple,https://www.ebay.co.uk/p/225300863?iid=174227667266
Apple iPhone X (iPhone 10) 64GB 256GB All Colours Unlocked SIM Free Smartphone,£329.99 to £369.99,Brand: Apple,https://www.ebay.co.uk/p/239086679?iid=114064878877&var=414342377963
Apple Iphone 7 Plus 128gb Space Grey Unlocked Good Condition,£167.00,Brand: Apple,https://www.ebay.co.uk/itm/Apple-Iphone-7-Plus-128gb-Space-Grey-Unlocked-Good-Condition/274312680424?hash=item3fde4f53e8:g:e7wAAOSwWnhedKlb
Apple iPhone X 64GB 256GB Unlocked Smartphone Silver/Space Grey No Face ID,£324.99 to £339.99,Brand: Apple,https://www.ebay.co.uk/p/239165308?iid=283804210903&var=585227611050
Apple iPhone 7 32GB Jet Black Unlocked Sim Free GOOD CONDITION 586,£119.99,Brand: Apple,https://www.ebay.co.uk/p/239165248?iid=324103233105
Apple iPhone 8 - 64GB - Space Grey (Unlocked) A1905 (GSM),£100.00,Brand: Apple,https://www.ebay.co.uk/p/238941601?iid=333553854306
Apple iPhone 7 128GB Unlocked Rose Gold Good Condition! 12 Month Warranty!,£149.95,Brand: Apple,https://www.ebay.co.uk/p/2303730783?iid=264671761971
Apple iPhone 7 32GB Black Unlocked,£85.00,Brand: Apple,https://www.ebay.co.uk/p/3034567858?iid=283823838073
Grade AA Apple iPhone 6s Plus 64GB 128GB Unlocked 4G Smartphone Space Grey,£139.99 to £149.99,Brand: Apple,https://www.ebay.co.uk/p/216131851?iid=133326570209&var=432731874768
Apple iPhone 7 Plus 32GB Rose Gold (Vodafone),£102.00,Brand: Apple,https://www.ebay.co.uk/p/239052740?iid=143559414471
iPhone 6 - 16GB - Space Grey (O2),£54.99,Brand: Apple,https://www.ebay.co.uk/p/203711946?iid=153868329738
Apple MKQN2B/A iPhone 6s - 64GB - Space Grey (Unlocked),£41.00,Brand: Apple,https://www.ebay.co.uk/p/216278598?iid=274315628198
"GRADE A Apple iPad Air 2 9.7"" 16GB 64GB 128GB WiFi 4G Retina Unlocked -iOS 13",£169.99 to £239.99,Brand: Apple,https://www.ebay.co.uk/itm/GRADE-A-Apple-iPad-Air-2-9-7-16GB-64GB-128GB-WiFi-4G-Retina-Unlocked-iOS-13/201934935835?hash=item2f0442971b:m:mXNlNKzhT0zQl8FFaSyrzzQ&var=501942747843
Apple iPhone 5C 8GB 16GB 32GB White Blue Green Pink Yellow Unlocked GRADE B,£39.99 to £59.99,Brand: Apple,https://www.ebay.co.uk/itm/Apple-iPhone-5C-8GB-16GB-32GB-White-Blue-Green-Pink-Yellow-Unlocked-GRADE-B/124082241381?hash=item1ce3e0bf65:m:mbzsIgPqg1VkTpOhpg_Pgow&var=424911288544
NEW LISTINGApple iPhone 8 Plus - 256GB - Space Grey - Immaculate Condition,£224.00,Brand: Apple,https://www.ebay.co.uk/p/239068664?iid=293524180194
iPhone XR - 64GB - Black (Vodafone),£339.99,Brand: Apple,https://www.ebay.co.uk/itm/iPhone-XR-64GB-Black-Vodafone/153873284129?hash=item23d38ffc21:g:pGgAAOSw9SdeMrBa
NEW LISTINGApple iPhone X - 64GB Space Grey - Unlocked SIM FREE - Boxed - Free P&P!,£285.00,Brand: Apple,https://www.ebay.co.uk/p/239057380?iid=164138535978
Apple iPhone 8 64GB 256GB Space Grey Silver Gold Unlocked SIM Free Smartphone,£255.99 to £282.99,Brand: Apple,https://www.ebay.co.uk/p/239054480?iid=264647827044&var=564444665429
Apple iPhone 7 - 32GB - Rose Gold (Unlocked) Smartphone,£117.99,Brand: Apple,https://www.ebay.co.uk/p/225209929?iid=352996495955
NEW LISTINGApple iPhone 6 - 16GB - Space Grey (Unlocked) A1586 (CDMA + GSM),£24.50,Brand: Apple,https://www.ebay.co.uk/p/203706034?iid=283827086398
Apple iPhone X (iPhone 10) 64GB 256GB Unlocked SIM Free Smartphone All Colours,£369.99 to £414.99,Brand: Apple,https://www.ebay.co.uk/p/239165268?iid=283718114311&var=585115318708
Apple iPhone 8 Plus - 64GB - Space Grey (Vodafone) A1897 (GSM),£141.00,Brand: Apple,https://www.ebay.co.uk/p/239099467?iid=153874631602
Apple iPhone 7 Plus - 32GB 128GB 256GB - Unlocked SIM Free Smartphone,£169.99 to £229.99,Brand: Apple,https://www.ebay.co.uk/p/225203605?iid=113423154092&var=413661913826
Apple iPhone 7 - 32GB - Black (Unlocked) ,£123.00,Brand: Apple,https://www.ebay.co.uk/p/225300883?iid=283824732143
Apple iPhone 6s Plus 128GB Unlocked 4G Smartphone Space Grey,£129.99,Brand: Apple,https://www.ebay.co.uk/p/216131811?iid=133342329078&var=432744764820
Apple iPhone SE - A1723 - 32GB - Space Grey (Unlocked),£55.00,Brand: Apple,https://www.ebay.co.uk/p/238241421?iid=202931477646&var=503103999590
Apple iPhone 5s - 16GB - Silver (O2) A1457 (GSM),£20.00,Brand: Apple,https://www.ebay.co.uk/p/168576038?iid=133365614379
NEW LISTINGApple iPhone XR - 64GB - Yellow (Unlocked) A2105 (GSM),£100.00,Brand: Apple,https://www.ebay.co.uk/p/3023715465?iid=324114972500
Apple A1688 iPhone 6S 64GB / EE / Space Grey,£69.99,Brand: Apple,https://www.ebay.co.uk/p/231812021?iid=233537795573
Apple iPhone 8 Plus - 64GB - Space Grey (EE) A1897 (GSM),£259.00,Brand: Apple,https://www.ebay.co.uk/p/238941641?iid=264672747883
APPLE iPHONE 5S 16GB / 32GB / 64GB - Unlocked - Black / White Smartphone Mobile,£42.00 to £72.00,Brand: Apple,https://www.ebay.co.uk/p/168512729?iid=233467054165&var=533080700476
Apple iPhone 7 - 32GB - Gold (Unlocked) Mint Condition,£65.00,Brand: Apple,https://www.ebay.co.uk/p/225300923?iid=114156528995
Apple iPhone 8 64GB 256GB Space Grey Silver Gold Unlocked SIM Free Smartphone,£79.99 to £282.99,Brand: Apple,https://www.ebay.co.uk/p/239068704?iid=264642633664&var=564437637196
Apple iPhone 8 - 64GB - Space Grey (Fantastic Condition!),£199.00,Brand: Apple,https://www.ebay.co.uk/p/239093305?iid=293520321711
Apple iphone 5C 8GB/16GB/32GB White/Pink/Blue/Green(Unlocked) New Condition,£44.88 to £62.99,Brand: Apple,https://www.ebay.co.uk/p/168533707?iid=392627895625&var=661568111377
Apple iPhone 8 Plus 64GB Unlocked - Space Grey - READ DESCRIPTION,£179.99,Brand: Apple,https://www.ebay.co.uk/itm/Apple-iPhone-8-Plus-64GB-Unlocked-Space-Grey-READ-DESCRIPTION/114157480909?hash=item1a9450ebcd:g:WyAAAOSwJx1eePdH
Apple iPhone 5C - 16GB - Blue (Unlocked) Sim Free Smartphone UK,£24.00,Brand: Apple,https://www.ebay.co.uk/p/168507922?iid=223954866851
iPhone 7 - 128GB - Black (Unlocked).,£144.99,Brand: Apple,https://www.ebay.co.uk/p/225158192?iid=153853538746
NEW LISTINGApple iPhone 7 - 32GB - Silver (Unlocked) Sim Free Smartphone UK,£52.00,Brand: Apple,https://www.ebay.co.uk/p/225203615?iid=324114926185
Apple iPhone 7 Plus 32GB 128GB 256GB Unlocked All Colours Sim Free Smartphone UK,£208.99 to £248.99,Brand: Apple,https://www.ebay.co.uk/itm/Apple-iPhone-7-Plus-32GB-128GB-256GB-Unlocked-All-Colours-Sim-Free-Smartphone-UK/264650015572?hash=item3d9e5ec354:m:mU5vsPq3uew4ZlAyS4WZYKw&var=564447631483
Grade A Apple iPhone XS Max - 64GB - Silver (Unlocked) A2101 (GSM) - Ref N941,£459.99,Brand: Apple,https://www.ebay.co.uk/p/7023712774?iid=184196536225
Apple iPhone 6 32GB Space Grey (Unlocked) Sim Free Smartphone UK,£36.00,Brand: Apple,https://www.ebay.co.uk/p/242525496?iid=324112656566
Apple iPhone XS Max 64 GB 256 GB 512 GB Unlocked SIM Free Smartphone All Colours,£299.99 to £582.99,Brand: Apple,https://www.ebay.co.uk/p/8035076393?iid=264670446407&var=564469192251
Apple iPhone 8 Plus - 256GB - Space Grey (Unlocked - Immaculate Condition),£250.00,Brand: Apple,https://www.ebay.co.uk/p/239068664?iid=164132540453
Apple iPhone SE 16GB 32GB 64GB 128GB Smartphone Unlocked - Grey Gold Rose Silver,£59.99 to £89.99,Brand: Apple,https://www.ebay.co.uk/p/238400977?iid=283798573225&var=585221418474
Apple iPhone 6S 16GB 32GB 64GB 128GB - Unlocked / SIM Free - Free Accessories,£84.99 to £134.99,Brand: Apple,https://www.ebay.co.uk/p/223363768?iid=133343233031&var=432745453095
NEW LISTINGApple iPhone 6 - 32GB - Space Grey - UNLOCKED - Excellent Grade A Condition,£41.00,Brand: Apple,https://www.ebay.co.uk/p/242525496?iid=233538890689
Apple iPhone 7+ Plus - 32GB - Black (Unlocked) Smartphone - Original,£169.99,Brand: Apple,https://www.ebay.co.uk/p/225203605?iid=352955424135
"IPHONE 6 PLUS 16GB SPACE GREY, GOOD CONDITION, UNLOCKED, BOXED",£32.00,Brand: Apple,https://www.ebay.co.uk/p/203786448?iid=303521917633
Apple iPhone 7 128GB Unlocked Rose Gold Very Good Condition,£159.95,Brand: Apple,https://www.ebay.co.uk/p/2303730783?iid=264671728896
Apple iPhone 7 - 32GB - Silver (Unlocked) Sim Free Smartphone UK,£77.00,Brand: Apple,https://www.ebay.co.uk/p/225203615?iid=324113630457
Apple iPhone XR 64GB 128GB Unlocked Network SIM FREE Various Grades & Colour,£199.99 to £559.99,Brand: Apple,https://www.ebay.co.uk/itm/Apple-iPhone-XR-64GB-128GB-Unlocked-Network-SIM-FREE-Various-Grades-Colour/264669324067?hash=item3d9f856323:m:mUiu55YjBNYwodORFia7zCg&var=564467947857
Apple iPhone X - 64GB - Space Grey (Unlocked) A1901 (GSM),£399.99,Brand: Apple,https://www.ebay.co.uk/p/239057380?iid=264643505601
NEW LISTINGApple iPhone 6 64GB (Unlocked) Smartphone - Space Grey,£34.00,Brand: Apple,https://www.ebay.co.uk/p/203711866?iid=303523559803
Apple iPhone 7 Plus 32GB Jet Black Vodafone A1784 GOOD CONDITION GRADE B 670,£159.99,Brand: Apple,https://www.ebay.co.uk/p/239080986?iid=333536404343
Apple iPhone SE - 64GB - Silver (Unlocked) A1723 (CDMA + GSM),£36.00,Brand: Apple,https://www.ebay.co.uk/p/220288002?iid=124123161026
Apple iPhone 8 64GB 256GB Space Grey Silver Gold Unlocked SIM Free Smartphone UK,£99.99 to £282.99,Brand: Apple,https://www.ebay.co.uk/p/238941601?iid=264666954332&var=564465844551
"Apple iPad 5th Gen, A1823 - 32GB - Space Grey, Sim Free Smartphone UK,(Unlocked)",£57.00,Brand: Apple,https://www.ebay.co.uk/itm/Apple-iPad-5th-Gen-A1823-32GB-Space-Grey-Sim-Free-Smartphone-UK-Unlocked/223954847873?hash=item3424bfc881:g:gpoAAOSwPiFeeJDN
Apple iPhone 6 -16/64/128GB - All Colours - Unlocked - Grade A/B/C,£74.99 to £119.99,Brand: Apple,https://www.ebay.co.uk/p/203711986?iid=332588243083&var=541692611346
Apple iPhone X - 64GB - Space Grey (unlocked) A1901 (GSM),£265.00,Brand: Apple,https://www.ebay.co.uk/p/239086679?iid=153870965201
"Apple iPhone 6 - 16GB, 32GB, 64GB, 128GB, Gold, Silver, Space Grey, Mixed Grades",£74.99 to £104.99,Brand: Apple,https://www.ebay.co.uk/p/21008242704?iid=264629615387&var=564420255032
iPhone 7 Plus - Jet Black - A1661 - 32GB - Unlocked *SEE DESCRIPTION*,£78.00,Brand: Apple,https://www.ebay.co.uk/itm/iPhone-7-Plus-Jet-Black-A1661-32GB-Unlocked-SEE-DESCRIPTION/153867477600?hash=item23d3376260:g:4zUAAOSwdIlecA~h
Apple iPhone 6 Plus - 64GB Space Grey (Unlocked) Sim Free A Grade 12 M Warranty,£129.99,Brand: Apple,https://www.ebay.co.uk/p/203716537?iid=183560611150
Apple iPhone 6s Plus 16GB 32GB 64GB 128GB Unlocked SIM Free Smartphone UK Seller,£118.99 to £178.99,Brand: Apple,https://www.ebay.co.uk/p/216131811?iid=283129129098&var=583534989579
Apple iPhone 8 Plus 256gb Rose Gold,£265.00,Brand: Apple,https://www.ebay.co.uk/itm/Apple-iPhone-8-Plus-256gb-Rose-Gold/202941780648?hash=item2f4045d2a8:g:4bIAAOSw1tVedgRS
Apple iPhone 7 Plus 32GB 128GB 256GB Unlocked All Colours Sim Free Smartphone UK,£99.99 to £294.99,Brand: Apple,https://www.ebay.co.uk/p/225217647?iid=264659099330&var=564457573533
"New Apple iPhone 7 32GB Space Grey 4.7"" Lcd Unlocked Smartphone 12M Warranty",£184.99,Brand: Apple,https://www.ebay.co.uk/p/239165248?iid=333372952562&var=542422879325
Apple iPhone 5s 16GB 32GB 64GB Unlocked Sim Free White Black Smartphone Mobile,£36.99 to £74.99,Brand: Apple,https://www.ebay.co.uk/p/22034754827?iid=192950806869&var=493284142816
"Apple iPad 6th Gen, A1954 - 32GB - Space Grey, Sim Free Smartphone UK",£94.00,Brand: Apple,https://www.ebay.co.uk/itm/Apple-iPad-6th-Gen-A1954-32GB-Space-Grey-Sim-Free-Smartphone-UK/223954832788?hash=item3424bf8d94:g:FC0AAOSwY4NeeItS
Apple iPhone 6s Plus 16GB 32GB 64GB 128GB Unlocked Sim Free Smartphone All Color,£132.99 to £146.99,Brand: Apple,https://www.ebay.co.uk/p/216131861?iid=264656889625&var=564455089742
Apple iPhone 7 Plus - 128GB - Black (Unlocked) A1784 with original accessories,£95.00,Brand: Apple,https://www.ebay.co.uk/p/225300863?iid=293521079786
"Apple iPhone 8 256GB Silver 4G LTE 4.7"" 12MP Unlocked Smartphone 12M Warranty",£299.00,Brand: Apple,https://www.ebay.co.uk/p/239165318?iid=221200893808
NEW LISTINGApple iPhone 7 Plus - 32GB - Silver (Unlocked) - BOXED WITH ACCESSORIES,£185.00,Brand: Apple,https://www.ebay.co.uk/p/225208686?iid=184225831137
Apple iPhone 8 - 64GB - Gold (Unlocked) A1905 (GSM),£97.00,Brand: Apple,https://www.ebay.co.uk/p/239093325?iid=193393367469
Apple iPhone XS Max - 64 GB - Space Grey (Unlocked) Ref Q148,£449.99,Brand: Apple,https://www.ebay.co.uk/p/9032435827?iid=174227591118
"Apple iPad 5th Gen, A1823 - 32GB - Space Grey, Sim Free Smartphone UK",£62.00,Brand: Apple,https://www.ebay.co.uk/itm/Apple-iPad-5th-Gen-A1823-32GB-Space-Grey-Sim-Free-Smartphone-UK/223954837764?hash=item3424bfa104:g:BNQAAOSwt9BeeI0u
Apple iPhone 6s Smartphone 16/32/64/128GB in Gold/Silver/Grey/Rose Gold Unlocked,£88.90 to £114.90,Brand: Apple,https://www.ebay.co.uk/p/228434861?iid=183467129923&var=690789079183
Apple iPhone 6s 16GB 32GB 64GB 128GB Space Grey Unlocked Sim Free Smartphone,£112.99 to £139.99,Brand: Apple,https://www.ebay.co.uk/p/216193092?iid=264650051921&var=564447690912
NEW LISTINGiphone 7 128gb unlocked ‘Good Condition’,£100.00,Brand: Apple,https://www.ebay.co.uk/p/22032638304?iid=283827208079
Apple iPhone 8 Plus - 64GB - Space Grey (Unlocked) Smartphone,£259.99,Brand: Apple,https://www.ebay.co.uk/p/239086719?iid=353005095440
Apple iPhone SE 64GB Rose Gold (EE) Mobile Smart Phone,£49.99,Brand: Apple,https://www.ebay.co.uk/p/241479064?iid=293520219593
Apple iPhone 6 Plus - 16GB 64GB 128GB -SIM Free Factory Unlocked Various Colours,£99.00 to £209.95,Brand: Apple,https://www.ebay.co.uk/p/203708482?iid=332711627908&var=541841786394
Apple iPhone 6 - 16/32/64GB - UNLOCKED - Various Colours - All Grades - Free P&P,£74.99 to £89.99,Brand: Apple,https://www.ebay.co.uk/itm/Apple-iPhone-6-16-32-64GB-UNLOCKED-Various-Colours-All-Grades-Free-P-P/233366669843?hash=item3655bcca13:m:m20pIL6aLrr6WZVT1nd49ig&var=533095873502
Apple iPhone 6s Plus 16GB 32GB 64GB 128GB Unlocked Network SIM FREE Smartphone,£89.99 to £199.99,Brand: Apple,https://www.ebay.co.uk/p/228662433?iid=264671499180&var=564470358967
NEW LISTINGApple iPhone 8 Plus 256GB - Rose Gold (Unlocked) Grade A Sim Free Smartphone UK,£165.00,Brand: Apple,https://www.ebay.co.uk/itm/Apple-iPhone-8-Plus-256GB-Rose-Gold-Unlocked-Grade-A-Sim-Free-Smartphone-UK/223956583713?hash=item3424da4521:g:xt4AAOSwE0peamZu
Apple iPhone 6s Plus 64GB Unlocked 4G Smartphone Space Grey,£119.99,Brand: Apple,https://www.ebay.co.uk/itm/Apple-iPhone-6s-Plus-64GB-Unlocked-4G-Smartphone-Space-Grey/133342330370?hash=item1f0bd27e02:m:mDetCx8sf9Ryx_BsG9x6sKg&var=432744766851
Apple iPhone 6s 16GB 32GB 64GB 128GB Unlocked SIM Free Smartphone Various Grades,£79.95 to £149.95,Brand: Apple,https://www.ebay.co.uk/p/216214317?iid=332618715873&var=541727614606
Apple iPhone SE - 128GB - Space Grey (Unlocked) Sim Free Smartphone UK,£52.00,Brand: Apple,https://www.ebay.co.uk/p/235189794?iid=223953799228
Apple iPhone 6s Plus 64GB Unlocked 4G Smartphone Space Grey,£119.99,Brand: Apple,https://www.ebay.co.uk/itm/Apple-iPhone-6s-Plus-64GB-Unlocked-4G-Smartphone-Space-Grey/133342330370?hash=item1f0bd27e02:m:mDetCx8sf9Ryx_BsG9x6sKg&var=432744766851
NEW LISTINGApple iPhone 6s 32 Gab Silver,£52.00,Brand: Apple,https://www.ebay.co.uk/p/237718821?iid=184226208161
Apple iPhone 6s 16GB 32GB 64GB 128GB Unlocked SIM Free Smartphone Various Grades,£79.95 to £149.95,Brand: Apple,https://www.ebay.co.uk/p/216214317?iid=332618715873&var=541727614606
Iphone,£200.00,Brand: Apple,https://www.ebay.co.uk/itm/Iphone/184222388919?hash=item2ae48292b7:g:18oAAOSweNVecZkU
OUTLET DISPLAYED STOCK APPLE IPHONE 5S 16GB FACTORY UNLOCKED SMARTPHONE,£69.99,Brand: Apple,https://www.ebay.co.uk/p/22034754827?iid=143495760969&var=442457378597
Apple iPhone XS Max - 256GB - Grey (Unlocked) A2101 (GSM) - Ref Q66,£509.99,Brand: Apple,https://www.ebay.co.uk/p/14023706710?iid=184191359867
Apple iPhone 7 - 128GB - Black (Vodafone) A1778 (GSM),£50.00,Brand: Apple,https://www.ebay.co.uk/p/239066734?iid=283823982710
APPLE iPHONE 8 64GB - Unlocked - Various Colours - Smartphone Mobile Phone,£159.00 to £195.00,Brand: Apple,https://www.ebay.co.uk/p/239009722?iid=233481651292&var=533099853289
Apple iPhone 7 - 32GB - Rose Gold (Three) A1778 (GSM),£22.00,Brand: Apple,https://www.ebay.co.uk/p/239052760?iid=293517687177
"New Apple iPhone X 64GB MultiColour 5.8"" 12MP Unlocked Smartphone 12M Warranty",£429.99,Brand: Apple,https://www.ebay.co.uk/p/239165268?iid=324102509659&var=513151557787
Apple iPhone 7 - 32GB - Jet Black (Unlocked) Smartphone - Original,£129.99,Brand: Apple,https://www.ebay.co.uk/p/239165248?iid=352952222525
Apple iPhone 6 - 16GB - Space Grey (Unlocked) Sim Free Smartphone UK,£27.00,Brand: Apple,https://www.ebay.co.uk/p/203706034?iid=223955170455
NEW LISTINGApple iPhone 6s - 32GB - Rose Gold (EE) - READ DESCRIPTION,£49.99,Brand: Apple,https://www.ebay.co.uk/p/237834260?iid=114158985757
Apple iPhone 4 -8GB/16GB/32GB Unlocked (CDMA + GSM),£23.99 to £29.99,Brand: Apple,https://www.ebay.co.uk/p/102660647?iid=124040679850&var=424873634755
Apple iPhone SE 16GB 32GB 64GB 128GB Sim Free Unlocked Used Smartphone Mobile,£42.99 to £114.99,Brand: Apple,https://www.ebay.co.uk/p/220288002?iid=192932782834&var=493591582678
Apple iPhone 8 - 64GB - Silver (Vodafone) A1905 (GSM),£150.00,Brand: Apple,https://www.ebay.co.uk/p/239161243?iid=174228675308
NEW Apple iPhone 8 - 64GB - Space Grey (Unlocked) A1905,£315.00,Brand: Apple,https://www.ebay.co.uk/p/238941601?iid=184214615978
Apple iPhone 6S - 64GB - Space Grey (Unlocked),£75.00,Brand: Apple,https://www.ebay.co.uk/itm/Apple-iPhone-6S-64GB-Space-Grey-Unlocked/303518832731?hash=item46ab21d85b:g:KnEAAOSwHzhec6GF
NEW LISTINGApple iPhone 8 - 64GB - Space Grey A1863 - Excellent Condition,£150.92,Brand: Apple,https://www.ebay.co.uk/p/239099297?iid=193396650495&rt=nc
Apple iPhone 7 32GB 128GB 256GB Unlocked Sim Free Smartphone All Colours & Grade,£99.99 to £239.99,Brand: Apple,https://www.ebay.co.uk/p/225300923?iid=264657071416&var=564455255702
Apple MP822B/A iPhone SE 32GB Smartphone - Space Grey (Unlocked),£30.00,Brand: Apple,https://www.ebay.co.uk/p/238241421?iid=114154069729
Apple iPhone 8 PLUS - 64GB/256GB -UNLOCKED Smartphone-Various Colours All Grades,£299.99,Brand: Apple,https://www.ebay.co.uk/itm/Apple-iPhone-8-PLUS-64GB-256GB-UNLOCKED-Smartphone-Various-Colours-All-Grades/233432389993?hash=item3659a79969:m:m4E7gpKrq8O1jilVPEej2Kg&var=533030413739
Apple iPhone 7 256GB Single SIM (Unlocked) Smartphone - Black,£122.00,Brand: Apple,https://www.ebay.co.uk/p/225217607?iid=293516337578
Apple iPhone X (iPhone 10) - 64GB 256GB Unlocked - All Grades - 12M Warranty,£589.00,Brand: Apple,https://www.ebay.co.uk/c/22025767642
Apple iPhone 6 gold 16gb unlocked Smartphone lovely grade a condition,£27.00,Brand: Apple,https://www.ebay.co.uk/c/1839836050
Apple iPhone SE 128GB Silver (Unlocked) - Apple Warranty July 2022,£145.00,Brand: Apple,https://www.ebay.co.uk/p/235277663?iid=353006205159
Apple iPhone X 64GB Space Grey . Silver - UNLOCKED Various Grades,£329.99 to £359.99,Brand: Apple,https://www.ebay.co.uk/p/239057380?iid=164127986309&var=463752157372
Apple iPhone 6s - 32GB - Space Grey - Factory Unlocked - A1688 - iOS 13.3.1,£99.99,Brand: Apple,https://www.ebay.co.uk/p/237862186?iid=362940488878
Apple iPhone 7 - 32GB - Rose Gold (O2) A1778 (GSM),£70.00,Brand: Apple,https://www.ebay.co.uk/p/239091455?iid=254548178428
SEALED  Apple iPhone 8 | 64GB Space Gray | Cricket + AT&T | A1905,£263.10,Brand: Apple,https://www.ebay.co.uk/p/241987517?iid=233139451301&rt=nc
Apple iPhone XR 64GB 128GB 256GB Unlocked Network Smartphone Various Colours,£349.99 to £460.99,Brand: Apple,https://www.ebay.co.uk/p/15023708678?iid=283651100532&var=584988346238
Apple iPhone 7 - 128GB - Rose Gold (T-Mobile - Hungary) Smartphone,£89.95,Brand: Apple,https://www.ebay.co.uk/itm/Apple-iPhone-7-128GB-Rose-Gold-T-Mobile-Hungary-Smartphone/324099145389?hash=item4b75d07ead:g:qaoAAOSw6VVeZ9qp
Apple iPhone 6 No Touch ID 16GB 64GB 128GB Rose Gold Silver Grey Gold Unlocked,£59.99 to £79.99,Brand: Apple,https://www.ebay.co.uk/p/17034841920?iid=202797865970&var=502952020368
NEW LISTINGApple MKQN2B/A iPhone 6s - 64GB - Space Grey (Unlocked),£40.00,Brand: Apple,https://www.ebay.co.uk/p/216278598?iid=233538724930
Apple iPhone 7 64GB/128GB/256GB Space Grey . Silver - UNLOCKED,£144.99 to £214.99,Brand: Apple,https://www.ebay.co.uk/itm/Apple-iPhone-7-64GB-128GB-256GB-Space-Grey-Silver-UNLOCKED/164068552241?hash=item26333f6e31:m:mExH8tJQVEAkKKmFeQwNHWQ&var=463688770026
Apple iPhone 7 (PRODUCT)RED - 128GB - (Unlocked) A1778 (GSM),£97.00,Brand: Apple,https://www.ebay.co.uk/p/235132732?iid=283818337561
Apple iPhone XS Max - 256GB - Silver (Unlocked) A2101 (GSM) - Ref N855,£509.99,Brand: Apple,https://www.ebay.co.uk/p/25023700411?iid=184197714773
"New in Sealed Box Apple iPhone SE - 16/64GB 4.0"" GSM Unlocked Smartphone",£118.99 to £152.99,Brand: Apple,https://www.ebay.co.uk/p/220290375?iid=333219306764&var=542231883413
NEW LISTINGApple iPhone 6 Plus - 64GB - Space Grey .Unlock any network,£43.00,Brand: Apple,https://www.ebay.co.uk/p/203716537?iid=333558168940
Apple iPhone 8 - UNLOCKED - 64/256GB - ALL COLOURS - Smartphone,£194.95 to £379.95,Brand: Apple,https://www.ebay.co.uk/p/239086719?iid=164137268351&var=463761098071
Apple iPhone 7 128GB A1778 (GSM) (Unlocked) - Black,£99.00,Brand: Apple,https://www.ebay.co.uk/p/225158192?iid=274315824774
Apple iPhone 6S - 64GB - Gold (AT&T - United States) Smartphone,£59.95,Brand: Apple,https://www.ebay.co.uk/itm/Apple-iPhone-6S-64GB-Gold-AT-T-United-States-Smartphone/324107456814?hash=item4b764f512e:g:GXgAAOSwIM5ecnLd
**GRADE A** Apple iPhone 7 - 128GB - Black (O2) **6 MONTH WARRANTY**,£164.99,Brand: Apple,https://www.ebay.co.uk/p/239052700?iid=223915639330
Apple iPhone 7 Plus - 128GB - Jet Black (O2) A1784 (GSM),£52.00,Brand: Apple,https://www.ebay.co.uk/p/238939921?iid=193392281768
Apple iPhone 6s 16GB 32GB Space Grey Silver Gold Unlocked Smartphone+ WARRANTY,£69.99 to £129.99,Brand: Apple,https://www.ebay.co.uk/p/15019024614?iid=274267711002&var=574363547021
NEW LISTINGApple iPhone X - 256GB - BLACK (Vodafone) A1901 (GSM) NEAR MINT CONDITION,£200.00,Brand: Apple,https://www.ebay.co.uk/itm/Apple-iPhone-X-256GB-BLACK-Vodafone-A1901-GSM-NEAR-MINT-CONDITION/324114496869?hash=item4b76babd65:g:RQUAAOSw1mdee1Rl
"Apple iPad Air 1st Gen. 9.7"" 16GB WiFi 4G Retina Unlocked - iOS 12",£109.99 to £124.99,Brand: Apple,https://www.ebay.co.uk/itm/Apple-iPad-Air-1st-Gen-9-7-16GB-WiFi-4G-Retina-Unlocked-iOS-12/174101955667?hash=item2889490453:m:msCuU5WxEZTfL-XZjwyZgww&var=472958111416
Apple iPhone 5S A1457 | 16GB | Vodaphone | Space Grey | B-,£34.99,Brand: Apple,https://www.ebay.co.uk/itm/Apple-iPhone-5S-A1457-16GB-Vodaphone-Space-Grey-B/383449174929?hash=item59475a1391:g:-k0AAOSwIlBeYPFT
Apple iPhone 8 - 256GB - Space Grey (EE) A1905 (GSM) - used EXCELLENT condition,£165.00,Brand: Apple,https://www.ebay.co.uk/p/239086709?iid=174227637575
Apple iPhone 8 - 64GB/256GB Unlocked iOS Smartphone All Colour - Various Grades,£99.99 to £227.99,Brand: Apple,https://www.ebay.co.uk/p/27032604865?iid=202614838023&var=503088910679
NEW LISTINGApple iPhone 7 - 32GB - Silver (Unlocked) Sim Free Smartphone UK,£56.00,Brand: Apple,https://www.ebay.co.uk/p/225203615?iid=324114658216
Grade A++ Apple iPhone XS Max - 256GB - Grey (Unlocked) A2101 (GSM) - Ref N920,£529.99,Brand: Apple,https://www.ebay.co.uk/p/14023706710?iid=184140946732
Grade A- Apple iPhone XS Max - 64 GB - Space Grey (Unlocked) Ref Q144,£459.99,Brand: Apple,https://www.ebay.co.uk/p/9032435827?iid=202904033127
Apple iPhone 8 (PRODUCT)RED - 64GB - (EE) A1905 (GSM),£150.00,Brand: Apple,https://www.ebay.co.uk/p/245294378?iid=202944169978
Apple iPhone XS Max - 256GB - Gold (Unlocked) A2101 (GSM) - Ref Q58,£479.99,Brand: Apple,https://www.ebay.co.uk/p/14023706675?iid=202942860340
Apple iPhone 5 - 16GB - Space Grey (Unlocked) Sim Free Smartphone UK,£17.32,Brand: Apple,https://www.ebay.co.uk/itm/Apple-iPhone-5-16GB-Space-Grey-Unlocked-Sim-Free-Smartphone-UK/133370180849?hash=item1f0d7b74f1:g:iNMAAOSw59heen1K
Apple iPhone 5S 16 GB - (Unlocked) Smartphone Mobile Phone Grade ABC UK Stock,£44.79 to £49.79,Brand: Apple,https://www.ebay.co.uk/p/19036343707?iid=392567352473&var=661588589544
Apple iPhone 7 - 32GB - Rose Gold (Unlocked) A1778 (GSM),£70.00,Brand: Apple,https://www.ebay.co.uk/p/225209929?iid=223955041641
Apple iPhone 5 - 16GB - White & Silver (Unlocked) Smartphone,£44.99,Brand: Apple,https://www.ebay.co.uk/p/117328489?iid=352611690927
Apple iPhone 7 - 256GB - Jet Black (Unlocked) A1778 (GSM),£55.00,Brand: Apple,https://www.ebay.co.uk/p/225076461?iid=174225759855
NEW LISTINGApple iPhone 5S 16GB Unlocked Silver Mint Condition,£59.99,Brand: Apple,https://www.ebay.co.uk/itm/Apple-iPhone-5S-16GB-Unlocked-Silver-Mint-Condition/264679144171?hash=item3da01b3aeb:g:HhcAAOSwoP1ee3yW
Apple iPhone 7 - 128GB Jet Black (Unlocked) Used Good Condition FREE UK POSTAGE,£129.98,Brand: Apple,https://www.ebay.co.uk/itm/Apple-iPhone-7-128GB-Jet-Black-Unlocked-Used-Good-Condition-FREE-UK-POSTAGE/164131439802?hash=item2636ff04ba:g:~gsAAOSwA2NeYR2F
Apple iPhone 6 - 16GB 64GB 128GB - Unlocked SIM Free Smartphone Various Colours,£69.99 to £129.99,Brand: Apple,https://www.ebay.co.uk/p/19008018598?iid=114133333748&var=414404018063
Apple iPhone 7 Plus 128GB (Unlocked) Black,£199.00,Brand: Apple,https://www.ebay.co.uk/p/225300863?iid=264644689407
Apple iPhone 8 Plus - 64GB - Gold (Unlocked) A1897 (GSM),£136.00,Brand: Apple,https://www.ebay.co.uk/p/239165298?iid=324113791660
Apple iPhone X - 256GB - SILVER (Unlocked) A2101 (GSM),£410.00,Brand: Apple,https://www.ebay.co.uk/p/239099497?iid=352976882270
Apple iPhone 6 Plus - 16GB - Gold (Unlocked) A1524 (CDMA + GSM),£41.00,Brand: Apple,https://www.ebay.co.uk/p/203708482?iid=274316832556
Apple iPhone XS 64GB Smartphone - Gold (Unlocked) Ref: N497,£409.95,Brand: Apple,https://www.ebay.co.uk/p/26023709600?iid=202902720738
Apple MKU92B/A iPhone 6S Plus 64GB (Unlocked) Smartphone - Rose Gold,£51.00,Brand: Apple,https://www.ebay.co.uk/p/216214197?iid=372995236914
Apple iPhone 6s MN0X2B/A 32GB (Unlocked) - Silver,£36.00,Brand: Apple,https://www.ebay.co.uk/itm/Apple-iPhone-6s-MN0X2B-A-32GB-Unlocked-Silver/254547525288?hash=item3b4436fea8:g:d4MAAOSwNOxedpHN
Apple iPhone 7 - 256GB - Black.,£169.99,Brand: Apple,https://www.ebay.co.uk/itm/Apple-iPhone-7-256GB-Black/233309160827?hash=item36524f457b:g:YAQAAOSwhpBdTUW-
iPhone 7 Plus 32GB Black (Unlocked) Good Condition (Read Description),£180.00,Brand: Apple,https://www.ebay.co.uk/p/225203605?iid=164124479699
Apple iPhone 8 - 64GB - Gold (O2) A1905 (GSM),£85.00,Brand: Apple,https://www.ebay.co.uk/p/239054550?iid=223953303598
Apple iPhone 7 Plus 128GB Black (Vodafone),£157.00,Brand: Apple,https://www.ebay.co.uk/p/239066804?iid=264637708818
Apple iPhone 5s - 16GB - Space Grey (EE) Smartphone,£41.99,Brand: Apple,https://www.ebay.co.uk/p/168553040?iid=223939816965
Apple iPhone X - 64GB - Space Grey (Unlocked) A2101 (GSM),£339.00,Brand: Apple,https://www.ebay.co.uk/p/239057380?iid=352976882259
Apple iPhone 6s - 64GB Grey,£31.00,Brand: Apple,https://www.ebay.co.uk/itm/Apple-iPhone-6s-64GB-Grey/114154221650?hash=item1a941f3052:g:XBcAAOSwUCBeapfD
Apple iPhone XS - 512GB - Space Grey (Unlocked) A2097 (GSM),£304.00,Brand: Apple,https://www.ebay.co.uk/p/27023700760?iid=193390976866
Apple iPhone 7 - 32GB Black (Vodafone),£114.00,Brand: Apple,https://www.ebay.co.uk/p/239079206?iid=264653939517
"Apple Iphone 5s, Boxed, Silver 16 GB Great Condition",£36.00,Brand: Apple,https://www.ebay.co.uk/itm/Apple-Iphone-5s-Boxed-Silver-16-GB-Great-Condition/233534887408?hash=item365fc395f0:g:jyIAAOSwGyledjqX
Apple iPhone 8 Plus - 64GB - Space Grey (Unlocked) Ref: N802,£269.95,Brand: Apple,https://www.ebay.co.uk/p/239086719?iid=184181548793
NEW LISTINGApple iPhone 8 64GB - (Product) Red (Unlocked) Grade A Sim Free Smartphone UK,£134.00,Brand: Apple,https://www.ebay.co.uk/p/245182200?iid=223956638542
Apple iPhone 8 64GB Space Grey (Vodafone) Excellent condition,£229.00,Brand: Apple,https://www.ebay.co.uk/p/239093305?iid=264637947716
Apple iPhone 7 - 32GB - Black (Unlocked) A1778 (GSM),£49.00,Brand: Apple,https://www.ebay.co.uk/p/225300883?iid=274316682846
Apple iPhone SE - 128GB - Silver (Unlocked) A1723 Ref: N272,£99.95,Brand: Apple,https://www.ebay.co.uk/p/235277663?iid=202895085236
